{
  "name": "AppOptics Alert",
  "form": "c7975f9b-ba19-403a-8b5f-4a28a1199f48",
  "blocks": [
    {
      "id": "5333b563-d59e-46d9-a2ca-1ae1570ab9b1",
      "label": "Acknowledge",
      "environment": "HOSTED",
      "presentation": "{}",
      "step": "eb19528f-ccef-491f-9e52-80147e136e8c",
      "stepType": "INTEGRATION"
    },
    {
      "id": "c654fb36-aa63-4a91-ad38-34e5c191713a",
      "endpoint": "AppOptics",
      "label": "AppOptics - Resolve Alert",
      "environment": "HOSTED",
      "presentation": "{\"w\":60,\"x\":170,\"h\":60,\"y\":728}",
      "step": "60973981-bd2f-4bf5-9823-9c66442e5bbc",
      "stepType": "SCRIPT_STEP",
      "inputMappings": [
        {
          "inputPort": "input",
          "mapping": "${event.properties.alert_id}",
          "stepInput": "4a3ab457-aa16-47ef-a748-71f0d6be5dcf"
        },
        {
          "inputPort": "input",
          "mapping": "${constants.API Token}",
          "stepInput": "9832d2b8-5828-4d18-ad21-a9d54f8aa475"
        }
      ]
    },
    {
      "id": "c5642f66-9a7e-49f7-a324-fe220edef8ef",
      "label": "AppOptics Alert - Inbound - AppOptics",
      "environment": "HOSTED",
      "presentation": "{\"w\":60,\"x\":0,\"h\":60,\"y\":234}",
      "step": "18fdedb8-57c9-4c73-8721-fb0fec936235",
      "stepType": "INTEGRATION"
    },
    {
      "id": "c80f001b-72d5-4c23-a184-59ddb86b3085",
      "label": "Create Event - AppOptics Alert",
      "environment": "HOSTED",
      "presentation": "{\"w\":60,\"x\":340,\"h\":60,\"y\":319}",
      "step": "c7975f9b-ba19-403a-8b5f-4a28a1199f48",
      "stepType": "CREATE_EVENT",
      "inputMappings": [
        {
          "inputPort": "input",
          "mapping": "${c5642f66-9a7e-49f7-a324-fe220edef8ef.alert_version}",
          "sectionItemKey": "9477f450-cd69-4c02-ae51-44285fc38431"
        },
        {
          "inputPort": "input",
          "mapping": "ipugh",
          "sectionItemKey": "recipients"
        },
        {
          "inputPort": "input",
          "mapping": "${c5642f66-9a7e-49f7-a324-fe220edef8ef.alert_name}",
          "sectionItemKey": "e08bb707-1627-4ff2-873c-500d9650b6cc"
        },
        {
          "inputPort": "input",
          "mapping": "${c5642f66-9a7e-49f7-a324-fe220edef8ef.incident_key}",
          "sectionItemKey": "c91ea4a3-211c-46dc-8ee3-a00507a4da3a"
        },
        {
          "inputPort": "input",
          "mapping": "${c5642f66-9a7e-49f7-a324-fe220edef8ef.alert_description}",
          "sectionItemKey": "203b160b-9746-4f70-96fa-ed1da87d0e28"
        },
        {
          "inputPort": "input",
          "mapping": "${c5642f66-9a7e-49f7-a324-fe220edef8ef.trigger_time}",
          "sectionItemKey": "4664e8bf-4d55-4c04-adca-a19677eebe16"
        },
        {
          "inputPort": "input",
          "mapping": "${c5642f66-9a7e-49f7-a324-fe220edef8ef.alert_id}",
          "sectionItemKey": "082d0a66-b85d-4ec6-ac34-06f777d5d240"
        },
        {
          "inputPort": "input",
          "mapping": "${c5642f66-9a7e-49f7-a324-fe220edef8ef.alert_runbook_url}",
          "sectionItemKey": "6db60fa8-def3-4d1a-82f0-4ab4a73d56c9"
        },
        {
          "inputPort": "input",
          "mapping": "${c5642f66-9a7e-49f7-a324-fe220edef8ef.violations}",
          "sectionItemKey": "1c2112fb-b370-4b8c-a096-7df2b5c1f9e0"
        },
        {
          "inputPort": "input",
          "mapping": "${c5642f66-9a7e-49f7-a324-fe220edef8ef.account}",
          "sectionItemKey": "34420794-7da0-4b44-8c1a-a090d3a27372"
        },
        {
          "inputPort": "input",
          "mapping": "${c5642f66-9a7e-49f7-a324-fe220edef8ef.conditions}",
          "sectionItemKey": "eebe7491-a71e-4d92-85e5-e95c443aac56"
        }
      ]
    },
    {
      "id": "0c9390e9-846e-4810-bda7-8fb73ad447f7",
      "label": "Escalate",
      "environment": "HOSTED",
      "presentation": "{}",
      "step": "91b7c3fc-86b5-49a7-b555-abb481664037",
      "stepType": "INTEGRATION"
    },
    {
      "id": "b16e40b7-382a-4051-8b9d-3a94618847af",
      "label": "Get Events",
      "environment": "HOSTED",
      "presentation": "{\"w\":60,\"x\":340,\"h\":60,\"y\":149}",
      "step": "f36cf6ba-2225-5cb3-831f-030a05527c72",
      "stepType": "SCRIPT_STEP",
      "inputMappings": [
        {
          "inputPort": "input",
          "mapping": "ACTIVE",
          "stepInput": "fa86536b-3508-56de-884b-503596bd64c2"
        },
        {
          "inputPort": "input",
          "mapping": "FALSE",
          "stepInput": "3bb89cc9-b89f-5291-9c54-1da7bc6c051a"
        },
        {
          "inputPort": "input",
          "mapping": "AppOptics Alert",
          "stepInput": "a6262279-d10d-5708-a7b9-1734f8c52ec2"
        }
      ]
    },
    {
      "id": "63ff3d4b-7676-41a5-ba34-3621c8c8040e",
      "label": "Responses",
      "environment": "HOSTED",
      "presentation": "{\"w\":100,\"x\":0,\"h\":50,\"y\":553}",
      "stepType": "RESPONSES"
    },
    {
      "id": "b1e5c576-a10a-48d4-9ef7-f8fc1dcf2665",
      "label": "Switch",
      "environment": "HOSTED",
      "presentation": "{\"w\":60,\"x\":170,\"h\":60,\"y\":85}",
      "stepType": "SWITCH",
      "inputMappings": [
        {
          "inputPort": "input",
          "mapping": "${c5642f66-9a7e-49f7-a324-fe220edef8ef.clear}"
        }
      ],
      "switchCases": [
        {
          "caseId": "21ca4a2d-8039-4229-86c1-b95cd8bb47c5",
          "caseValue": "normal"
        }
      ]
    },
    {
      "id": "11233ea3-b683-4656-986c-9555b39db300",
      "label": "Switch",
      "environment": "HOSTED",
      "presentation": "{\"w\":60,\"x\":510,\"h\":60,\"y\":0}",
      "stepType": "SWITCH",
      "inputMappings": [
        {
          "inputPort": "input",
          "mapping": "${b16e40b7-382a-4051-8b9d-3a94618847af.Total Event Count}"
        }
      ],
      "switchCases": [
        {
          "caseId": "466930e5-f8e6-463b-a59d-ef5846b9bed3",
          "caseValue": "0"
        }
      ]
    },
    {
      "id": "7036f87b-ad9c-4f4f-9908-a2ac8e172f48",
      "label": "Terminate Events",
      "environment": "HOSTED",
      "presentation": "{\"w\":60,\"x\":680,\"h\":60,\"y\":149}",
      "step": "798e3053-b4b4-5e8c-ba84-8a11c3be6237",
      "stepType": "SCRIPT_STEP",
      "inputMappings": [
        {
          "inputPort": "input",
          "mapping": "${b16e40b7-382a-4051-8b9d-3a94618847af.Event IDs}",
          "stepInput": "4fdf2591-4925-5682-8911-f0163d7f98dd"
        }
      ]
    }
  ],
  "edges": [
    {
      "fromBlock": "b16e40b7-382a-4051-8b9d-3a94618847af",
      "fromPort": "output",
      "toBlock": "11233ea3-b683-4656-986c-9555b39db300",
      "toPort": "input"
    },
    {
      "fromBlock": "b1e5c576-a10a-48d4-9ef7-f8fc1dcf2665",
      "fromPort": "21ca4a2d-8039-4229-86c1-b95cd8bb47c5",
      "toBlock": "b16e40b7-382a-4051-8b9d-3a94618847af",
      "toPort": "input"
    },
    {
      "fromBlock": "b1e5c576-a10a-48d4-9ef7-f8fc1dcf2665",
      "fromPort": "output",
      "toBlock": "c80f001b-72d5-4c23-a184-59ddb86b3085",
      "toPort": "input"
    },
    {
      "fromBlock": "c5642f66-9a7e-49f7-a324-fe220edef8ef",
      "fromPort": "output",
      "toBlock": "b1e5c576-a10a-48d4-9ef7-f8fc1dcf2665",
      "toPort": "input"
    },
    {
      "fromBlock": "11233ea3-b683-4656-986c-9555b39db300",
      "fromPort": "output",
      "toBlock": "7036f87b-ad9c-4f4f-9908-a2ac8e172f48",
      "toPort": "input"
    },
    {
      "fromBlock": "5333b563-d59e-46d9-a2ca-1ae1570ab9b1",
      "fromPort": "output",
      "toBlock": "c654fb36-aa63-4a91-ad38-34e5c191713a",
      "toPort": "input"
    }
  ]
}