[
  {
    "baseType": 3,
    "name": "account",
    "defaultValue": "",
    "description": "",
    "helpText": "",
    "isSystem": false,
    "minLength": 0,
    "maxLength": 200,
    "validationRegex": "",
    "isValidate": false,
    "uuid": "34420794-7da0-4b44-8c1a-a090d3a27372"
  },
  {
    "baseType": 3,
    "name": "alert_description",
    "defaultValue": "",
    "description": "",
    "helpText": "",
    "isSystem": false,
    "minLength": 0,
    "maxLength": 200,
    "validationRegex": "",
    "isValidate": false,
    "uuid": "203b160b-9746-4f70-96fa-ed1da87d0e28"
  },
  {
    "baseType": 3,
    "name": "alert_id",
    "defaultValue": "",
    "description": "",
    "helpText": "",
    "isSystem": false,
    "minLength": 0,
    "maxLength": 200,
    "validationRegex": "",
    "isValidate": false,
    "uuid": "082d0a66-b85d-4ec6-ac34-06f777d5d240"
  },
  {
    "baseType": 3,
    "name": "alert_name",
    "defaultValue": "",
    "description": "",
    "helpText": "",
    "isSystem": false,
    "minLength": 0,
    "maxLength": 200,
    "validationRegex": "",
    "isValidate": false,
    "uuid": "e08bb707-1627-4ff2-873c-500d9650b6cc"
  },
  {
    "baseType": 3,
    "name": "alert_runbook_url",
    "defaultValue": "",
    "description": "",
    "helpText": "",
    "isSystem": false,
    "minLength": 0,
    "maxLength": 200,
    "validationRegex": "",
    "isValidate": false,
    "uuid": "6db60fa8-def3-4d1a-82f0-4ab4a73d56c9"
  },
  {
    "baseType": 3,
    "name": "alert_version",
    "defaultValue": "",
    "description": "",
    "helpText": "",
    "isSystem": false,
    "minLength": 0,
    "maxLength": 200,
    "validationRegex": "",
    "isValidate": false,
    "uuid": "9477f450-cd69-4c02-ae51-44285fc38431"
  },
  {
    "baseType": 3,
    "name": "conditions",
    "defaultValue": "",
    "description": "",
    "helpText": "",
    "isSystem": false,
    "minLength": 0,
    "maxLength": 2000,
    "validationRegex": "",
    "isValidate": false,
    "uuid": "eebe7491-a71e-4d92-85e5-e95c443aac56"
  },
  {
    "baseType": 3,
    "name": "incident_key",
    "defaultValue": "",
    "description": "",
    "helpText": "",
    "isSystem": false,
    "minLength": 0,
    "maxLength": 200,
    "validationRegex": "",
    "isValidate": false,
    "uuid": "c91ea4a3-211c-46dc-8ee3-a00507a4da3a"
  },
  {
    "baseType": 3,
    "name": "trigger_time",
    "defaultValue": "",
    "description": "",
    "helpText": "",
    "isSystem": false,
    "minLength": 0,
    "maxLength": 200,
    "validationRegex": "",
    "isValidate": false,
    "uuid": "4664e8bf-4d55-4c04-adca-a19677eebe16"
  },
  {
    "baseType": 3,
    "name": "violations",
    "defaultValue": "",
    "description": "",
    "helpText": "",
    "isSystem": false,
    "minLength": 0,
    "maxLength": 2000,
    "validationRegex": "",
    "isValidate": false,
    "uuid": "1c2112fb-b370-4b8c-a096-7df2b5c1f9e0"
  }
]