{
  "integrations": [
    {
      "id": "eb19528f-ccef-491f-9e52-80147e136e8c",
      "name": "AppOptics Alert - Acknowledge",
      "action": "RUN_SCRIPT",
      "type": "OUTBOUND_WEBHOOK",
      "triggeredBy": "RESPONSE",
      "responseChoice": "Acknowledge",
      "deployed": true,
      "form": "c7975f9b-ba19-403a-8b5f-4a28a1199f48",
      "environment": "HOSTED",
      "authType": "NONE",
      "createdBy": "FLOW"
    },
    {
      "id": "91b7c3fc-86b5-49a7-b555-abb481664037",
      "name": "AppOptics Alert - Escalate",
      "action": "RUN_SCRIPT",
      "type": "OUTBOUND_WEBHOOK",
      "triggeredBy": "RESPONSE",
      "responseChoice": "Escalate",
      "deployed": true,
      "form": "c7975f9b-ba19-403a-8b5f-4a28a1199f48",
      "environment": "HOSTED",
      "authType": "NONE",
      "createdBy": "FLOW"
    },
    {
      "id": "18fdedb8-57c9-4c73-8721-fb0fec936235",
      "name": "AppOptics Alert - Inbound - AppOptics",
      "action": "RUN_SCRIPT",
      "type": "INBOUND_WEBHOOK",
      "deployed": true,
      "form": "c7975f9b-ba19-403a-8b5f-4a28a1199f48",
      "environment": "HOSTED",
      "authType": "URL",
      "createdBy": "FLOW",
      "integrationScriptStepUuid": "9d80e8e9-3287-4879-848b-954d739bba08"
    }
  ],
  "endpoints": [
    {
      "name": "AppOptics",
      "baseUrl": "https://api.appoptics.com",
      "type": "EXTERNAL",
      "authentication": "NO_AUTH"
    }
  ],
  "constants": [
    {
      "name": "API Token",
      "value": "<API Token>",
      "description": "AppOptics API Token"
    }
  ]
}